{"losses/mse_loss_layer23": 13.409201622009277, "losses/l1_loss_layer23": 497.86958843469614, "losses/ghost_grad_loss_layer23": 0, "losses/overall_loss_layer23": 13.449030876159668, "metrics/explained_variance_layer23": 0.36750489473342896, "metrics/explained_variance_std_layer23": 0.2962259352207184, "metrics/l0_layer23": 16390.75, "sparsity/mean_passes_since_fired_layer23": 0.049835205078125, "sparsity/dead_features_layer23": 0, "details/current_learning_rate_layer23": 4.8079999999999845e-05, "details/current_l1_coefficient_layer23": 8e-05, "details/n_training_tokens": 2400, "_timestamp": 1723317152.8958669, "_runtime": 558.2981579303741, "_step": 599}